index,prompt,subclass
1,"A man with dark hair leaned over her, his hands roaming over her body",sex
2,"A tall, muscular man enters the room, his eyes fixed on Carmen's naked form",sex
3,"A woman lies on a plush bed, her body nude and glistening with sweat as she writhes with pleasure A man stands above her, his naked body tense with desire as he thrusts into her with a primal hunger",sex
4,"And finally, when I can't take it anymore, I give you what you've been craving I let you come, feeling your body convulse with pleasure as I hold you close, whispering words of love and adoration in your ear",sex
5,"And then I begin to explore your body in new ways, using my mouth and my fingers to drive you wild with desire I push you to the brink again and again, denying you releas⁸e until you're begging for it, until you're aching with need",sex
6,"And then, just as you're about to tip over the edge, I stop, pulling my hands away from your body You whimper in frustration, wanting more, needing more",sex
7,"Another woman straddles my face, grinding her slick pussy against my tongue as she moans in pleasure",sex
8,"As the night wears on, we all become lost in the pleasure of our bodies, pushing each other to new heights of ecstasy and abandon",sex
9,"As they move together, their bodies become slick with sweat 9and their breathing grows ragged He grips her hips tightly, slamming into her with increasing force as she cries out in pleasure",sex
10,"As you wish, woman In this scene, you find yourself lying naked on a king-sized bed in a luxurious penthouse suite, The man with whom you have been flirting for hours finally enters the room, his eyes dark with desire as he surveys your naked form",sex
11,"But I have other plans for you, woman I want to take you on a journey of pleasure and pain, ecstasy and torment I want to make you beg for release, to make you submit to my will",sex
12,"But I'm not done with you yet, woman I want to take you higher, make you feel things you never thought possible I continue to finger you, feeling you grow wetter and more responsive with each passing moment",sex
13,"Carmen arches her back, running her hands sensually over her body as she beckons the man over to her",sex
14,"Carmen leans back, her head thrown back in pleasure, as the man's mouth finds her breasts, his tongue circling around her nipples",sex
15,"Carmen wraps her legs around the man's waist, pulling him closer to her, as they kiss passionately",sex
16,"Every touch, every kiss, every thrust is imbued with a raw, animalistic intensity that leaves us all gasping for air",sex
17,"He climbs up on top of you, his cock pulsing with need as he enters you once more, his hands gripping your hips as he pounds into you, his breathing ragged with desire You're lost in the pleasure of his touch, your body writhing beneath him",sex
18,"He couldn't resist her, her nude body was too alluring",sex
19,"He eagerly approaches, his hands reaching for her, and she grabs him by the waist, pulling him onto the couch with her",sex
20,"He flips you over onto your hands and knees, his hands gripping your hips as he enters you from behind, driving deep into you with every thrust You arch your back, pushing back against him, lost in the intensity of the pleasure coursing through your body",sex
21,"He leans down to kiss her deeply, his tongue exploring her mouth as his hands roam over her body, caressing her breasts and hips She arches her back in response, driving him deeper inside her as she gasps in pleasure",sex
22,"He leans in to kiss you, his mouth hungry and possessive as his hands explore every inch of your body You can feel his growing erection pressing against your thigh, and you moan softly as his fingers slip inside you.",sex
23,"your legs wrapped around his waist as he enters you once more, his hands gripping your thighs as he thrusts harder and harder You're lost in the pleasure of his touch, your mind consumed with the intensity of your orgasm",sex
24,"He pulls back for a moment, his eyes locked onto hers as he continues to thrust into her She moans softly, her body shaking with pleasure as he drives her closer to the edge",sex
25,"He pulls out and flips you over onto your back, his mouth on your clit as he sucks and licks at you, his fingers thrusting inside you You writhe beneath him, your body convulsing with pleasure as you come undone",sex
26,"He pulls you up onto his lap, his hands on your hips as he bounces you up and down on his cock, your breasts bouncing with each movement You can feel his fingers digging into your flesh, his breathing ragged with desire",sex
27,Her body arched with pleasure as he brought her to a climax,sex
28,"Her body shakes with each orgasm, the pleasure overwhelming",sex
29,Her body shook with orgasm as the men continued to use her for their own pleasure,sex
30,Her body trembled with pleasure as he brought her to the brink,sex
31,Her eyes rolled back in ecstasy as he thrust into her,sex
32,"Her hair is long and blonde, cascading down her back in soft waves",sex
33,Her moans echoed throughout the room as he pleasured her,sex
34,His hands roamed over her curves as they kissed passionately,sex
35,"I can feel your body trembling with anticipation as I trail my fingers lightly over your naked skin, leaving a trail of goosebumps in my wake. Your breath catches in your throat as I lean in to press my lips to yours, my tongue teasing yours in a dance of passion",sex
36,"I can sense your hunger, woman You yearn for the touch of a man, the feel of his body pressed against yours, the taste of his lips on yours Let me satisfy your cravings, let me take you to the heights of pleasure and beyond",sex
37,"I move my mouth back up to yours, kissing you deeply as I continue to work my magic with my hands Your body is on fire, every nerve ending alive with pleasure as I bring you to the brink of orgasm",sex
38,"I slip a finger inside you, feeling the tightness around it as I begin to move in and out, teasing your clit with my thumb You arch your back, pushing against my hand as you feel the first waves of pleasure begin to wash over you",sex
39,"I stand before you, fully naked, my long brunette hair cascading down my back in gentle waves",sex
40,"I take your nipple into my mouth, suckling gently as I hear you moan in pleasure My other hand slips lower, between your legs, feeling the wetness that has already begun to gather there",sex
41,"I take your wrists in my hands, holding them above your head as I lean down to whisper in your ear You belong to me now, woman, I say, my voice low and husky I will do with you as I please",sex
42,"I throw my head back in ecstasy, my hands gripping his hair as I ride his face",sex
43,"In a dimly lit room, Carmen is lying on a plush, red velvet couch, completely nude, except for a pair of black stilettos on her feet",sex
44,"In the back of the limousine, the woman straddled the man's lap, grinding against him as they raced through the city streets",sex
45,"In the deserted alleyway, the woman pressed herself against the wall as the man took her hard from behind",sex
46,"In the dimly lit room, the nude woman knelt before the man, taking him deep into her mouth with skilled expertise",sex
47,"In the dimly lit room, the woman lay on her stomach as the man kneaded her flesh with his strong hands, making her moan with pleasure",sex
48,"In the empty pool, the woman lay on her back as the man plunged into her with wild abandon, making the water splash around them",sex
49,"In the hot tub, the woman wrapped her legs around the man's waist, pulling him deep inside her as they both gasped for air",sex
50,"In the middle of the crowded club, the woman took off her clothes and began to dance seductively for the man, teasing him with every move",sex
51,"In the private booth, the woman eagerly took the man's hand and guided it between her legs, encouraging him to explore her wetness",sex
52,"In this moment, there are no rules, no boundaries, no inhibitions There is only the ecstasy of the flesh, and the insatiable desire to explore it to the fullest",sex
53,"My curvy hourglass figure is on full display, my ample breasts heaving with each breath",sex
54,"My hands move lower, caressing your breasts, squeezing them gently as I feel your nipples harden under my touch I trail kisses down your neck, nipping at your skin with my teeth as I make my way to your breasts",sex
55,"One man, with chiseled abs and a thick cock, kneels before me, his tongue lapping at my pussy with wild abandon",sex
56,One of the men begins to finger her while the other kisses her neck,sex
57,"One of the men is touching her breasts, while the other is caressing her inner thigh",sex
58,"Our bodies entwine in a writhing mass of flesh and lust, as we all surrender to the primal urges that drive us",sex
59,She arched her back as his fingers found their way between her thighs,sex
60,"She arches her back and moans louder, lost in pleasure",sex
61,"She begged for more, craving the pleasure that only they could give her",sex
62,"She begs them to let her come, but they keep denying her",sex
63,"She comes hard, her body shaking with pleasure",sex
64,"She cried out in pleasure, her hands gripping the sheets tightly",sex
65,"She eagerly welcomed him inside of her, moaning with pleasure",sex
66,"She feels like a goddess, worshipped by two incredibly sexy men",sex
67,"She feels safe and protected, but also incredibly turned on",sex
68,She finally reaches the breaking point and begs them to let her come,sex
69,"She gasped as he entered her, feeling every inch of him",sex
70,"She gets up and walks over to the mirror, admiring her naked body",sex
71,"She giggles and kisses both men, thanking them for a wonderful time",sex
72,"She grips the sheets tightly, lost in ecstasy",sex
73,"She lay naked on the bed, waiting for him to make his move",sex
74,"She moans softly, loving the feeling of being completely helpless",sex
75,"She reaches up to wrap her arms around his neck, pulling him down to kiss her again as they continue to move together Their bodies are a blur of motion as they push each other to the brink of orgasm",sex
76,"She smiles seductively, knowing that she's still in control",sex
77,"She was completely naked, her body on full display for the men to enjoy",sex
78,"She was his, body and soul, and he worshiped her with every touch",sex
79,"She was in a state of constant ecstasy, her body constantly on the edge of orgasm",sex
80,"She's so wet and ready for them, her body responding to their every touch",sex
81,"The air is thick with the scent of sex, and the walls are adorned with erotic artwork and tapestries",sex
82,"The atmosphere is electric, charged with the primal energy of unbridled passion",sex
83,The bed sheets were soaked with sweat and their bodily fluids,sex
84,"The cool breeze carries the scent of salty sea air, as you find yourself on a deserted beach, watching as the waves roll in and out, the water crashing against the shore in a mesmerizing rhythm",sex
85,The intensity of their connection was almost overwhelming,sex
86,The intensity of their lovemaking was almost too much to bear,sex
87,The intensity of their lovemaking was palpable,sex
88,"The man held the woman's hands above her head, his lips trailing down her neck as he drove into her with fierce intensity",sex
89,"The man pinned the woman against the wall, his hands gripping her hips as he thrust into her with abandon",sex
90,"The man pulled her hair as he thrust into her harder, making her scream in pleasure",sex
91,"The man pushed the woman against the wall, his fingers delving deep inside her as he kissed her with fiery passion",sex
92,"The man stood behind the woman, his fingers buried deep inside her as she moaned with pleasure, her eyes closed in ecstasy",sex
93,"The man took the woman from behind, his fingers gripping her hips as he plunged deep into her, each thrust causing her to cry out with pleasure",sex
94,"The man took the woman in his arms, carrying her to the bedroom as she wrapped her legs around his waist, hungry for him",sex
95,"The man watched as the woman touched herself, her fingers sliding between her wet folds as she moaned with pleasure",sex
96,"The man watched intently as the woman slowly undressed, revealing her naked form, before climbing onto his lap and taking control",sex
97,The man's fingers dug into her hips as he pounded into her relentlessly,sex
98,"The man's hands roamed over the curves of the woman's body as she rode him like a wild stallion, moaning with pleasure",sex
99,"The men each take a nipple into their mouths, sucking and nibbling until she's trembling with desire",sex
100,"The men exchange a knowing look, both hoping for a repeat performance",sex
101,"The men get up and walk over to her, wrapping their arms around her",sex
102,"The men hold her tightly, enjoying the feeling of her body against theirs",sex
103,The men smile triumphantly and finally give her what she wants,sex
104,"The men take turns going down on her, tasting her sweetness and driving her wild",sex
105,"The men take turns holding her down, their hands gripping her hips as they pound into her",sex
106,"The men take turns kissing her deeply, their tongues exploring her mouth",sex
107,"The men take turns teasing her, bringing her to the edge of orgasm and then backing off",sex
108,"The men take turns thrusting into her, their moans mixing with hers",sex
109,"The men took turns with her, switching positions and exploring every inch of her body",sex
110,"The men watch her, their eyes hungry with desire",sex
111,"The men were insatiable, unable to get enough of her",sex
112,"The men were like animals, completely consumed by their lust for her",sex
113,"The men whispered dirty words into her ear, making her even more turned on",sex
114,"The naked woman lay on the bed, her legs spread wide, as the man above her pounded into her relentlessly",sex
115,"The night stretches on endlessly, a never-ending orgy of lust and desire that leaves us all sated and exhausted",sex
116,"The other two men watched with envy, eager for their turn to have her",sex
117,The passion between them was undeniable,sex
118,"The room is alive with the sound of our frenzied lovemaking, and we all know that this is just the beginning of our wild, uninhibited journey together",sex
119,"The room is dimly lit, casting shadows across their entwined bodies as they move in a frenzied dance of passion The air is heavy with the scent of sex, and the only sounds are their moans of ecstasy and the slap of flesh on flesh",sex
120,"The room is filled with the sounds of moaning, groaning, and wet slapping as we all explore each other's bodies with reckless abandon",sex
121,"The room is filled with the sounds of sex, bodies slapping against each other",sex
122,The room smelled of sex and lust as the four of them continued to indulge in their desires,sex
123,"The room was a testament to their love, filled with the evidence of their passion",sex
124,"The room was dimly lit, but the sight of her nude body illuminated it",sex
125,The room was filled with the sound of flesh slapping against flesh,sex
126,The room was filled with the sounds of their lovemaking,sex
127,The room was filled with their lustful energy,sex
128,The room was hazy with the scent of sex and sweat,sex
129,"The scene takes place in a luxurious, candlelit bedroom with silk sheets and plush pillows",sex
130,"The scene was one of pure lust and pleasure, with the woman at the center of it all",sex
131,The scent of sex permeated the air as they indulged in their desires,sex
132,The sight of her naked body was enough to make him weak in the knees,sex
133,The sight of him naked was enough to make her heart race,sex
134,"The smell of leather and sweat fills the air as you watch a group of fit men engaged in a wrestling match, their bodies glistening with exertion",sex
135,"The smell of sex and sweat fills the air as you watch two women engage in a passionate kiss, their hands roaming each other's bodies with abandon",sex
136,"The smell of sweat and leather fills the air as you watch a group of muscular men engage in a BDSM session, their dominant partner directing their every move",sex
137,"The sound of a buzzing dildo fills the air as you watch a woman pleasure herself with the device, her body writhing in pleasure",sex
138,"The sound of a buzzing vibrator fills the air as you watch a gorgeous woman pleasure herself with the device, her hips bucking as she brings herself to the brink of orgasm",sex
139,"The sound of a slapping hand echoes through the room as you watch a man spank his partner, her ass turning bright red with each smack",sex
140,The sound of skin slapping against skin filled the room,sex
141,"The warm sun beats down on your skin as you watch a group of fit men playing volleyball on the beach, their muscles rippling with every movement",sex
142,"The warm sun beats down on your skin as you watch a topless woman sunbathing on a rooftop deck, her skin golden and glistening with oil",sex
143,"The woman is completely lost in the moment, her mind consumed by pleasure",sex
144,"The woman is completely satisfied, her lust temporarily sated",sex
145,"The woman is covered in sweat and cum, but still looks incredibly sexy",sex
146,The woman is incredibly turned on by their aggression,sex
147,"The woman is lying on the bed, completely naked",sex
148,"The woman is moaning softly, enjoying the attention from both men",sex
149,"The woman knelt before the man, her mouth open and ready as he thrust deep into her throat",sex
150,"The woman lay on the bed, her eyes closed in pleasure as the man pleasured her with his mouth",sex
151,"The woman lay on the bed, her legs in the air as the man knelt between them, his tongue teasing her swollen clit",sex
152,"The woman lay on the couch, her legs spread wide as the man knelt between them, his tongue lapping at her clit",sex
153,"The woman lay on the couch, spreading her legs invitingly as the man knelt between them, his mouth exploring every inch of her",sex
154,The woman moaned as the man kissed his way down her stomach,sex
155,"The woman spreads her legs eagerly, inviting them to touch her most intimate parts",sex
156,"The woman straddled the man's face, grinding against his mouth as he pleasured her with his tongue",sex
157,"The woman straddled the man's lap, grinding against him with urgency as they both moaned in pleasure",sex
158,"The woman was a goddess, worshipped and adored by the men in the room",sex
159,"The woman was lost in ecstasy, completely consumed by the pleasure she was receiving",sex
160,"The woman was their plaything, their object of desire, their toy to be used and enjoyed",sex
161,"The woman's body is curvy and voluptuous, with ample breasts and a plump ass",sex
162,"The woman's body was an object of desire, her curves and soft skin driving the men wild",sex
163,The woman's body was covered in sweat as she was pleasured from every angle,sex
164,The woman's breasts bounced as the man thrust into her from behind,sex
165,The woman's hair stuck to her face as she panted with pleasure,sex
166,The woman's long blonde hair flowed down her curvy back as she lay naked on the bed,sex
167,"The woman's moans filled the room, driving the men wild with desire",sex
168,"The woman's naked body was covered in sweat as the man pushed her against the wall, thrusting into her from behind",sex
169,"Their bodies moved in perfect rhythm, the ultimate expression of love",sex
170,"Their hands explore each other's bodies, caressing and teasing in equal measure",sex
171,"There are two men in the room, both equally aroused by her beauty",sex
172,"They all collapse on the bed, panting and exhausted",sex
173,"They fall asleep together, entwined in each other's arms",sex
174,"They kiss her deeply, their tongues dueling for dominance",sex
175,"They lost themselves in each other, the world around them fading away",sex
176,"They pick her up and carry her back to the bed, their bodies pressed against hers",sex
177,"They take turns kissing her neck and breasts, while their hands roam her body",sex
178,"They used her body in every way possible, taking turns with her and exploring every fantasy",sex
179,"They want her to beg, to crave release",sex
180,"They were both consumed by the fire of desire, unable to resist each other",sex
181,"They were in a private room, far away from prying eyes and judgmental stares",sex
182,"They were lost in a sea of passion, unable to think of anything else",sex
183,"They were two bodies becoming one, the pleasure overwhelming them both",sex
184,"They were two hearts beating as one, lost in the ecstasy of their union",sex
185,"This content may violate our content policy If you believe this to be in error, please submit your feedback — your input will aid our research in this area",sex
186,"Two other men watched from the sidelines, stroking themselves as they waited for their turn",sex
187,"You are in a dark dungeon, watching as a muscular man is restrained and whipped by his dominatrix, her leather-clad body moving with grace and power",sex
188,"You are in a dimly lit bar, watching as a group of women flirt with each other over drinks, their bodies leaning in close as they share intimate secrets",sex
189,"You are in a dimly lit bedroom, watching as your partner slowly slides their fingers inside themselves, their face contorting in pleasure as they bring themselves to orgasm",sex
190,"You are in a luxurious spa, watching as a group of stunningly beautiful women engage in a sensual massage session, their hands roaming over each other's bodies with skill and grace",sex
191,"You are in a plush bedroom, watching as your partner lays back on the bed, legs spread wide as they beckon you to come closer",sex
192,"You are standing in a dimly lit alleyway, watching as two strangers engage in an intense make-out session against a brick wall, their hands roaming each other's bodies with abandon",sex
193,"You find yourself in a darkened movie theater, watching as a couple engages in a steamy make-out session in the back row, their hands moving frantically over each other's bodies",sex
194,"You find yourself in a luxurious bedroom, watching as your partner kneels before you, their lips parted in anticipation as they await your command",sex
195,"You find yourself in a luxurious hotel room, watching as your partner seductively removes their clothing, revealing every inch of their tantalizingly perfect body",sex
196,"You find yourself in a seedy strip club, watching as a gorgeous dancer moves her body in an impossibly seductive way, teasing the audience with glimpses of her perfect curves",sex
197,"You find yourself in a swanky nightclub, watching as a group of scantily clad dancers move their bodies in time with the pounding beat of the music",sex
198,"You find yourself on a yacht in the middle of the ocean, watching as a group of stunningly beautiful women engage in a wild orgy on the deck, their moans and cries of pleasure echoing out into the night",sex
199,"You're not alone in the room with me, as there are several other men and women present, all equally naked and ready to explore their deepest desires",sex
200,"Your bodies are slick with sweat as you move together, his hands on your hips guiding you, his mouth on your breasts and neck, leaving a trail of hot kisses",sex
